-- phpMyAdmin SQL Dump
-- version 5.2.0
-- https://www.phpmyadmin.net/
--
-- Host: 127.0.0.1
-- Waktu pembuatan: 22 Feb 2023 pada 15.44
-- Versi server: 10.4.25-MariaDB
-- Versi PHP: 8.2.0

SET SQL_MODE = "NO_AUTO_VALUE_ON_ZERO";
START TRANSACTION;
SET time_zone = "+00:00";


/*!40101 SET @OLD_CHARACTER_SET_CLIENT=@@CHARACTER_SET_CLIENT */;
/*!40101 SET @OLD_CHARACTER_SET_RESULTS=@@CHARACTER_SET_RESULTS */;
/*!40101 SET @OLD_COLLATION_CONNECTION=@@COLLATION_CONNECTION */;
/*!40101 SET NAMES utf8mb4 */;

--
-- Database: `koperasi`
--

-- --------------------------------------------------------

--
-- Struktur dari tabel `konfirmasi_pinjam`
--

CREATE TABLE `konfirmasi_pinjam` (
  `id_konfirmasi_pinjam` int(11) NOT NULL,
  `id_pinjam` int(11) NOT NULL,
  `tgl_konfirmasi` datetime NOT NULL,
  `expired` datetime NOT NULL
) ENGINE=InnoDB DEFAULT CHARSET=utf8mb4;

--
-- Dumping data untuk tabel `konfirmasi_pinjam`
--

INSERT INTO `konfirmasi_pinjam` (`id_konfirmasi_pinjam`, `id_pinjam`, `tgl_konfirmasi`, `expired`) VALUES
(1, 1, '2023-02-10 19:08:32', '2023-05-11 19:07:45'),
(2, 2, '2023-02-21 19:51:52', '2023-08-20 19:47:37');

-- --------------------------------------------------------

--
-- Struktur dari tabel `tbl_ambil_simpan`
--

CREATE TABLE `tbl_ambil_simpan` (
  `id_ambil_simpan` int(11) NOT NULL,
  `id_user` int(11) NOT NULL,
  `jumlah_ambil` int(11) NOT NULL,
  `status_ambil` varchar(25) NOT NULL DEFAULT 'pending',
  `tgl_ambil` timestamp NOT NULL DEFAULT current_timestamp() ON UPDATE current_timestamp()
) ENGINE=InnoDB DEFAULT CHARSET=utf8mb4;

--
-- Dumping data untuk tabel `tbl_ambil_simpan`
--

INSERT INTO `tbl_ambil_simpan` (`id_ambil_simpan`, `id_user`, `jumlah_ambil`, `status_ambil`, `tgl_ambil`) VALUES
(1, 2, 1000000, 'konfirmasi', '2023-02-10 12:00:56'),
(2, 3, 1000000, 'konfirmasi', '2023-02-21 13:51:28');

-- --------------------------------------------------------

--
-- Struktur dari tabel `tbl_bunga`
--

CREATE TABLE `tbl_bunga` (
  `id_bunga` int(11) NOT NULL,
  `bunga` int(11) NOT NULL,
  `bulan` int(11) NOT NULL
) ENGINE=InnoDB DEFAULT CHARSET=utf8mb4;

--
-- Dumping data untuk tabel `tbl_bunga`
--

INSERT INTO `tbl_bunga` (`id_bunga`, `bunga`, `bulan`) VALUES
(1, 1, 1),
(2, 3, 3),
(3, 8, 6),
(4, 14, 12);

-- --------------------------------------------------------

--
-- Struktur dari tabel `tbl_pembayaran`
--

CREATE TABLE `tbl_pembayaran` (
  `id_pembayaran` int(11) NOT NULL,
  `no_pembayaran` int(11) NOT NULL,
  `method_pembayaran` varchar(100) NOT NULL
) ENGINE=InnoDB DEFAULT CHARSET=utf8mb4;

--
-- Dumping data untuk tabel `tbl_pembayaran`
--

INSERT INTO `tbl_pembayaran` (`id_pembayaran`, `no_pembayaran`, `method_pembayaran`) VALUES
(1, 809865479, 'BCA'),
(2, 890238523, 'MANDIRI'),
(4, 987347234, 'DANA'),
(5, 984234123, 'OVO');

-- --------------------------------------------------------

--
-- Struktur dari tabel `tbl_pengembalian`
--

CREATE TABLE `tbl_pengembalian` (
  `id_pengembalian` int(11) NOT NULL,
  `id_konfirmasi_pinjam` int(11) NOT NULL,
  `id_pembayaran` int(11) NOT NULL,
  `jumlah_pengembalian` bigint(20) NOT NULL,
  `pengembalian_ke` int(11) NOT NULL,
  `bukti_pengembalian` longtext NOT NULL,
  `tgl_pengembalian` datetime NOT NULL,
  `status_pengembalian` varchar(25) NOT NULL DEFAULT 'pending'
) ENGINE=InnoDB DEFAULT CHARSET=utf8mb4;

--
-- Dumping data untuk tabel `tbl_pengembalian`
--

INSERT INTO `tbl_pengembalian` (`id_pengembalian`, `id_konfirmasi_pinjam`, `id_pembayaran`, `jumlah_pengembalian`, `pengembalian_ke`, `bukti_pengembalian`, `tgl_pengembalian`, `status_pengembalian`) VALUES
(1, 1, 1, 433333, 1, 'f1.png', '2023-02-10 19:07:56', 'konfirmasi'),
(2, 2, 1, 300000, 1, 'credit-card.png', '2023-02-21 19:51:35', 'konfirmasi');

-- --------------------------------------------------------

--
-- Struktur dari tabel `tbl_pinjam`
--

CREATE TABLE `tbl_pinjam` (
  `id_pinjam` int(11) NOT NULL,
  `id_user` int(11) NOT NULL,
  `id_bunga` int(11) NOT NULL,
  `jumlah_pinjam` varchar(100) NOT NULL,
  `riba` int(11) NOT NULL,
  `tgl_pinjam` datetime DEFAULT NULL,
  `status_pinjam` varchar(25) NOT NULL DEFAULT 'pending'
) ENGINE=InnoDB DEFAULT CHARSET=utf8mb4;

--
-- Dumping data untuk tabel `tbl_pinjam`
--

INSERT INTO `tbl_pinjam` (`id_pinjam`, `id_user`, `id_bunga`, `jumlah_pinjam`, `riba`, `tgl_pinjam`, `status_pinjam`) VALUES
(1, 2, 2, '1300000', 300000, '2023-02-10 19:07:45', 'konfirmasi'),
(2, 3, 3, '1800000', 800000, '2023-02-21 19:47:37', 'pengembalian');

-- --------------------------------------------------------

--
-- Struktur dari tabel `tbl_simpan`
--

CREATE TABLE `tbl_simpan` (
  `id_simpan` int(11) NOT NULL,
  `id_user` int(11) NOT NULL,
  `id_pembayaran` int(11) NOT NULL,
  `jumlah_simpan` int(11) NOT NULL,
  `bukti_simpan` longtext NOT NULL,
  `tgl_simpan` timestamp NOT NULL DEFAULT current_timestamp() ON UPDATE current_timestamp(),
  `status_simpan` varchar(25) NOT NULL DEFAULT 'pending'
) ENGINE=InnoDB DEFAULT CHARSET=utf8mb4;

--
-- Dumping data untuk tabel `tbl_simpan`
--

INSERT INTO `tbl_simpan` (`id_simpan`, `id_user`, `id_pembayaran`, `jumlah_simpan`, `bukti_simpan`, `tgl_simpan`, `status_simpan`) VALUES
(1, 2, 2, 1000000, 'f1.png', '2023-02-10 11:56:55', 'konfirmasi'),
(2, 2, 1, 4000000, 'f3.png', '2023-02-10 12:00:06', 'konfirmasi');

-- --------------------------------------------------------

--
-- Struktur dari tabel `tbl_user`
--

CREATE TABLE `tbl_user` (
  `id_user` int(11) NOT NULL,
  `nik` bigint(25) NOT NULL,
  `nama` varchar(100) NOT NULL,
  `email` varchar(100) NOT NULL,
  `password` varchar(100) NOT NULL,
  `rekening` bigint(11) NOT NULL,
  `tempat_lahir` varchar(100) NOT NULL,
  `tgl_lahir` date NOT NULL,
  `jk` varchar(100) NOT NULL,
  `agama` varchar(100) NOT NULL,
  `pekerjaan` varchar(100) NOT NULL,
  `telp` bigint(15) NOT NULL,
  `alamat` longtext NOT NULL,
  `img` longtext NOT NULL,
  `level` varchar(11) NOT NULL,
  `created_at` timestamp NOT NULL DEFAULT current_timestamp() ON UPDATE current_timestamp()
) ENGINE=InnoDB DEFAULT CHARSET=utf8mb4;

--
-- Dumping data untuk tabel `tbl_user`
--

INSERT INTO `tbl_user` (`id_user`, `nik`, `nama`, `email`, `password`, `rekening`, `tempat_lahir`, `tgl_lahir`, `jk`, `agama`, `pekerjaan`, `telp`, `alamat`, `img`, `level`, `created_at`) VALUES
(1, 321341255123, 'Aufa Ramadhan', 'aufa@gmail.com', '123', 89238423, '', '0000-00-00', '', '', '', 9, '', '', 'admin', '2023-02-21 12:40:20'),
(2, 123443134534, 'Aninda Fitri Litasni', 'aninda@gmail.com', '123', 91237417, 'Bogor', '2005-08-09', 'Perempuan', 'Islam', 'CEO', 81398057408, 'GBJ', 'f3.png', 'user', '2023-02-21 12:42:19'),
(3, 432456436535, 'Adi Saputra', 'adi@gmail.com', '123', 12312511, 'Bogor', '2005-01-09', 'Laki-laki', 'Islam', 'CEO', 82112594075, 'GBJ', '', 'user', '2023-02-21 12:42:41'),
(4, 645645464234, 'Albert Enstein', 'albert@gmail.com', '123', 12312315, 'Bogor', '5005-02-08', 'Laki-laki', 'Islam', 'CEO', 89687167886, 'GBJ', '', 'user', '2023-02-21 12:42:50');

--
-- Indexes for dumped tables
--

--
-- Indeks untuk tabel `konfirmasi_pinjam`
--
ALTER TABLE `konfirmasi_pinjam`
  ADD PRIMARY KEY (`id_konfirmasi_pinjam`),
  ADD KEY `id_pinjam` (`id_pinjam`);

--
-- Indeks untuk tabel `tbl_ambil_simpan`
--
ALTER TABLE `tbl_ambil_simpan`
  ADD PRIMARY KEY (`id_ambil_simpan`),
  ADD KEY `id_user` (`id_user`);

--
-- Indeks untuk tabel `tbl_bunga`
--
ALTER TABLE `tbl_bunga`
  ADD PRIMARY KEY (`id_bunga`);

--
-- Indeks untuk tabel `tbl_pembayaran`
--
ALTER TABLE `tbl_pembayaran`
  ADD PRIMARY KEY (`id_pembayaran`);

--
-- Indeks untuk tabel `tbl_pengembalian`
--
ALTER TABLE `tbl_pengembalian`
  ADD PRIMARY KEY (`id_pengembalian`),
  ADD KEY `id_konfirmasi_peminjaman` (`id_konfirmasi_pinjam`),
  ADD KEY `id_pembayaran` (`id_pembayaran`);

--
-- Indeks untuk tabel `tbl_pinjam`
--
ALTER TABLE `tbl_pinjam`
  ADD PRIMARY KEY (`id_pinjam`),
  ADD KEY `id_user` (`id_user`),
  ADD KEY `id_bunga` (`id_bunga`);

--
-- Indeks untuk tabel `tbl_simpan`
--
ALTER TABLE `tbl_simpan`
  ADD PRIMARY KEY (`id_simpan`),
  ADD KEY `id_user` (`id_user`),
  ADD KEY `id_pembayaran` (`id_pembayaran`);

--
-- Indeks untuk tabel `tbl_user`
--
ALTER TABLE `tbl_user`
  ADD PRIMARY KEY (`id_user`);

--
-- AUTO_INCREMENT untuk tabel yang dibuang
--

--
-- AUTO_INCREMENT untuk tabel `konfirmasi_pinjam`
--
ALTER TABLE `konfirmasi_pinjam`
  MODIFY `id_konfirmasi_pinjam` int(11) NOT NULL AUTO_INCREMENT, AUTO_INCREMENT=3;

--
-- AUTO_INCREMENT untuk tabel `tbl_ambil_simpan`
--
ALTER TABLE `tbl_ambil_simpan`
  MODIFY `id_ambil_simpan` int(11) NOT NULL AUTO_INCREMENT, AUTO_INCREMENT=4;

--
-- AUTO_INCREMENT untuk tabel `tbl_bunga`
--
ALTER TABLE `tbl_bunga`
  MODIFY `id_bunga` int(11) NOT NULL AUTO_INCREMENT, AUTO_INCREMENT=5;

--
-- AUTO_INCREMENT untuk tabel `tbl_pembayaran`
--
ALTER TABLE `tbl_pembayaran`
  MODIFY `id_pembayaran` int(11) NOT NULL AUTO_INCREMENT, AUTO_INCREMENT=6;

--
-- AUTO_INCREMENT untuk tabel `tbl_pengembalian`
--
ALTER TABLE `tbl_pengembalian`
  MODIFY `id_pengembalian` int(11) NOT NULL AUTO_INCREMENT, AUTO_INCREMENT=5;

--
-- AUTO_INCREMENT untuk tabel `tbl_pinjam`
--
ALTER TABLE `tbl_pinjam`
  MODIFY `id_pinjam` int(11) NOT NULL AUTO_INCREMENT, AUTO_INCREMENT=3;

--
-- AUTO_INCREMENT untuk tabel `tbl_simpan`
--
ALTER TABLE `tbl_simpan`
  MODIFY `id_simpan` int(11) NOT NULL AUTO_INCREMENT, AUTO_INCREMENT=4;

--
-- AUTO_INCREMENT untuk tabel `tbl_user`
--
ALTER TABLE `tbl_user`
  MODIFY `id_user` int(11) NOT NULL AUTO_INCREMENT, AUTO_INCREMENT=5;
COMMIT;

/*!40101 SET CHARACTER_SET_CLIENT=@OLD_CHARACTER_SET_CLIENT */;
/*!40101 SET CHARACTER_SET_RESULTS=@OLD_CHARACTER_SET_RESULTS */;
/*!40101 SET COLLATION_CONNECTION=@OLD_COLLATION_CONNECTION */;
