-- phpMyAdmin SQL Dump
-- version 5.2.0
-- https://www.phpmyadmin.net/
--
-- Host: 127.0.0.1
-- Waktu pembuatan: 09 Nov 2022 pada 10.13
-- Versi server: 10.4.25-MariaDB
-- Versi PHP: 8.1.10

SET SQL_MODE = "NO_AUTO_VALUE_ON_ZERO";
START TRANSACTION;
SET time_zone = "+00:00";


/*!40101 SET @OLD_CHARACTER_SET_CLIENT=@@CHARACTER_SET_CLIENT */;
/*!40101 SET @OLD_CHARACTER_SET_RESULTS=@@CHARACTER_SET_RESULTS */;
/*!40101 SET @OLD_COLLATION_CONNECTION=@@COLLATION_CONNECTION */;
/*!40101 SET NAMES utf8mb4 */;

--
-- Database: `koperasi`
--

-- --------------------------------------------------------

--
-- Struktur dari tabel `konfirmasi_pinjam`
--

CREATE TABLE `konfirmasi_pinjam` (
  `id_konfirmasi_pinjam` int(11) NOT NULL,
  `id_pinjam` int(11) NOT NULL,
  `tgl_konfirmasi` datetime NOT NULL,
  `expired` datetime NOT NULL
) ENGINE=InnoDB DEFAULT CHARSET=utf8mb4;

--
-- Dumping data untuk tabel `konfirmasi_pinjam`
--

INSERT INTO `konfirmasi_pinjam` (`id_konfirmasi_pinjam`, `id_pinjam`, `tgl_konfirmasi`, `expired`) VALUES
(9, 23, '2022-11-09 10:23:31', '2022-12-09 10:23:31'),
(10, 24, '2022-11-09 10:27:01', '2022-12-09 10:27:01'),
(11, 25, '2022-11-09 10:28:16', '2023-05-08 10:28:16'),
(12, 26, '2022-11-09 11:06:35', '2023-11-09 11:06:35'),
(13, 27, '2022-11-09 11:08:57', '2023-11-09 11:08:57');

-- --------------------------------------------------------

--
-- Struktur dari tabel `tbl_bunga`
--

CREATE TABLE `tbl_bunga` (
  `id_bunga` int(11) NOT NULL,
  `bunga` int(11) NOT NULL,
  `bulan` int(11) NOT NULL
) ENGINE=InnoDB DEFAULT CHARSET=utf8mb4;

--
-- Dumping data untuk tabel `tbl_bunga`
--

INSERT INTO `tbl_bunga` (`id_bunga`, `bunga`, `bulan`) VALUES
(1, 1, 1),
(2, 3, 3),
(3, 6, 6),
(4, 12, 12);

-- --------------------------------------------------------

--
-- Struktur dari tabel `tbl_pengembalian`
--

CREATE TABLE `tbl_pengembalian` (
  `id_pengembalian` int(11) NOT NULL,
  `id_konfirmasi_pinjam` int(11) NOT NULL,
  `jumlah_pengembalian` bigint(20) NOT NULL,
  `tgl_pengembalian` datetime NOT NULL
) ENGINE=InnoDB DEFAULT CHARSET=utf8mb4;

--
-- Dumping data untuk tabel `tbl_pengembalian`
--

INSERT INTO `tbl_pengembalian` (`id_pengembalian`, `id_konfirmasi_pinjam`, `jumlah_pengembalian`, `tgl_pengembalian`) VALUES
(3, 1, 2200000, '2022-11-03 12:41:05'),
(25, 4, 1700000, '2022-11-04 06:52:44'),
(26, 4, 1500000, '2022-11-04 06:52:44'),
(35, 4, 1700000, '2022-11-04 10:20:21'),
(36, 4, 1500000, '2022-11-04 10:20:21'),
(37, 4, 1700000, '2022-11-04 10:22:11'),
(39, 4, 1700000, '2022-11-04 10:30:12'),
(40, 4, 1500000, '2022-11-04 10:30:12'),
(41, 6, 1500000, '2022-11-04 10:41:25'),
(42, 7, 500000, '2022-11-05 12:12:43'),
(43, 8, 1000000, '2022-11-07 16:09:16');

-- --------------------------------------------------------

--
-- Struktur dari tabel `tbl_pinjam`
--

CREATE TABLE `tbl_pinjam` (
  `id_pinjam` int(11) NOT NULL,
  `id_user` int(11) NOT NULL,
  `id_bunga` int(11) NOT NULL,
  `jumlah_pinjam` varchar(100) NOT NULL,
  `tgl_pinjam` datetime DEFAULT NULL,
  `status` varchar(100) NOT NULL DEFAULT 'pending'
) ENGINE=InnoDB DEFAULT CHARSET=utf8mb4;

--
-- Dumping data untuk tabel `tbl_pinjam`
--

INSERT INTO `tbl_pinjam` (`id_pinjam`, `id_user`, `id_bunga`, `jumlah_pinjam`, `tgl_pinjam`, `status`) VALUES
(20, 1, 0, '1100000', '2022-11-09 09:19:53', 'pending'),
(21, 1, 0, '1400000', '2022-11-09 09:52:06', 'pending'),
(22, 1, 1, '1100000', '2022-11-09 10:08:11', 'pending'),
(23, 2, 6, '1600000', '2022-11-09 10:15:48', 'konfirmasi'),
(24, 1, 12, '2200000', '2022-11-09 10:24:57', 'konfirmasi'),
(25, 2, 6, '1600000', '2022-11-09 10:28:03', 'konfirmasi'),
(26, 1, 12, '2200000', '2022-11-09 11:06:01', 'konfirmasi'),
(27, 2, 12, '2200000', '2022-11-09 11:08:34', 'konfirmasi');

-- --------------------------------------------------------

--
-- Struktur dari tabel `tbl_simpan`
--

CREATE TABLE `tbl_simpan` (
  `id_simpan` int(11) NOT NULL,
  `id_user` int(11) NOT NULL,
  `jumlah_simpan` int(11) NOT NULL,
  `tgl_simpan` timestamp NOT NULL DEFAULT current_timestamp() ON UPDATE current_timestamp()
) ENGINE=InnoDB DEFAULT CHARSET=utf8mb4;

-- --------------------------------------------------------

--
-- Struktur dari tabel `tbl_user`
--

CREATE TABLE `tbl_user` (
  `id_user` int(11) NOT NULL,
  `nama` varchar(100) NOT NULL,
  `email` varchar(100) NOT NULL,
  `password` varchar(100) NOT NULL,
  `tempat_lahir` varchar(100) NOT NULL,
  `tgl_lahir` date NOT NULL,
  `jk` varchar(100) NOT NULL,
  `agama` varchar(100) NOT NULL,
  `pekerjaan` varchar(100) NOT NULL,
  `telp` varchar(13) NOT NULL,
  `alamat` longtext NOT NULL,
  `level` varchar(11) NOT NULL,
  `created_at` timestamp NOT NULL DEFAULT current_timestamp() ON UPDATE current_timestamp()
) ENGINE=InnoDB DEFAULT CHARSET=utf8mb4;

--
-- Dumping data untuk tabel `tbl_user`
--

INSERT INTO `tbl_user` (`id_user`, `nama`, `email`, `password`, `tempat_lahir`, `tgl_lahir`, `jk`, `agama`, `pekerjaan`, `telp`, `alamat`, `level`, `created_at`) VALUES
(1, 'Aufa Ramadhan', 'aufa@gmail.com', '123', 'Bogor', '2004-11-08', 'Laki', 'Islam', 'CEO', '081398057408', 'GBJ', 'admin', '2022-11-03 03:22:36'),
(2, 'User', 'user@gmail.com', '123', 'Bogor', '1899-12-31', 'Laki', 'Islam', 'CEO', '081398057408', 'GBJ', 'user', '2022-11-07 08:27:07');

--
-- Indexes for dumped tables
--

--
-- Indeks untuk tabel `konfirmasi_pinjam`
--
ALTER TABLE `konfirmasi_pinjam`
  ADD PRIMARY KEY (`id_konfirmasi_pinjam`),
  ADD KEY `id_pinjam` (`id_pinjam`);

--
-- Indeks untuk tabel `tbl_bunga`
--
ALTER TABLE `tbl_bunga`
  ADD PRIMARY KEY (`id_bunga`);

--
-- Indeks untuk tabel `tbl_pengembalian`
--
ALTER TABLE `tbl_pengembalian`
  ADD PRIMARY KEY (`id_pengembalian`),
  ADD KEY `id_konfirmasi_peminjaman` (`id_konfirmasi_pinjam`);

--
-- Indeks untuk tabel `tbl_pinjam`
--
ALTER TABLE `tbl_pinjam`
  ADD PRIMARY KEY (`id_pinjam`),
  ADD KEY `id_user` (`id_user`),
  ADD KEY `id_bunga` (`id_bunga`);

--
-- Indeks untuk tabel `tbl_simpan`
--
ALTER TABLE `tbl_simpan`
  ADD PRIMARY KEY (`id_simpan`),
  ADD KEY `id_user` (`id_user`);

--
-- Indeks untuk tabel `tbl_user`
--
ALTER TABLE `tbl_user`
  ADD PRIMARY KEY (`id_user`);

--
-- AUTO_INCREMENT untuk tabel yang dibuang
--

--
-- AUTO_INCREMENT untuk tabel `konfirmasi_pinjam`
--
ALTER TABLE `konfirmasi_pinjam`
  MODIFY `id_konfirmasi_pinjam` int(11) NOT NULL AUTO_INCREMENT, AUTO_INCREMENT=14;

--
-- AUTO_INCREMENT untuk tabel `tbl_bunga`
--
ALTER TABLE `tbl_bunga`
  MODIFY `id_bunga` int(11) NOT NULL AUTO_INCREMENT, AUTO_INCREMENT=5;

--
-- AUTO_INCREMENT untuk tabel `tbl_pengembalian`
--
ALTER TABLE `tbl_pengembalian`
  MODIFY `id_pengembalian` int(11) NOT NULL AUTO_INCREMENT, AUTO_INCREMENT=44;

--
-- AUTO_INCREMENT untuk tabel `tbl_pinjam`
--
ALTER TABLE `tbl_pinjam`
  MODIFY `id_pinjam` int(11) NOT NULL AUTO_INCREMENT, AUTO_INCREMENT=28;

--
-- AUTO_INCREMENT untuk tabel `tbl_simpan`
--
ALTER TABLE `tbl_simpan`
  MODIFY `id_simpan` int(11) NOT NULL AUTO_INCREMENT, AUTO_INCREMENT=13;

--
-- AUTO_INCREMENT untuk tabel `tbl_user`
--
ALTER TABLE `tbl_user`
  MODIFY `id_user` int(11) NOT NULL AUTO_INCREMENT, AUTO_INCREMENT=5;
COMMIT;

/*!40101 SET CHARACTER_SET_CLIENT=@OLD_CHARACTER_SET_CLIENT */;
/*!40101 SET CHARACTER_SET_RESULTS=@OLD_CHARACTER_SET_RESULTS */;
/*!40101 SET COLLATION_CONNECTION=@OLD_COLLATION_CONNECTION */;
