-- phpMyAdmin SQL Dump
-- version 5.2.0
-- https://www.phpmyadmin.net/
--
-- Host: 127.0.0.1
-- Waktu pembuatan: 24 Nov 2022 pada 11.30
-- Versi server: 10.4.25-MariaDB
-- Versi PHP: 8.1.10

SET SQL_MODE = "NO_AUTO_VALUE_ON_ZERO";
START TRANSACTION;
SET time_zone = "+00:00";


/*!40101 SET @OLD_CHARACTER_SET_CLIENT=@@CHARACTER_SET_CLIENT */;
/*!40101 SET @OLD_CHARACTER_SET_RESULTS=@@CHARACTER_SET_RESULTS */;
/*!40101 SET @OLD_COLLATION_CONNECTION=@@COLLATION_CONNECTION */;
/*!40101 SET NAMES utf8mb4 */;

--
-- Database: `koperasi`
--

-- --------------------------------------------------------

--
-- Struktur dari tabel `konfirmasi_pinjam`
--

CREATE TABLE `konfirmasi_pinjam` (
  `id_konfirmasi_pinjam` int(11) NOT NULL,
  `id_pinjam` int(11) NOT NULL,
  `tgl_konfirmasi` datetime NOT NULL,
  `expired` datetime NOT NULL
) ENGINE=InnoDB DEFAULT CHARSET=utf8mb4;

--
-- Dumping data untuk tabel `konfirmasi_pinjam`
--

INSERT INTO `konfirmasi_pinjam` (`id_konfirmasi_pinjam`, `id_pinjam`, `tgl_konfirmasi`, `expired`) VALUES
(1, 1, '2022-11-24 06:52:10', '2023-02-22 06:52:10');

-- --------------------------------------------------------

--
-- Struktur dari tabel `tbl_bunga`
--

CREATE TABLE `tbl_bunga` (
  `id_bunga` int(11) NOT NULL,
  `bunga` int(11) NOT NULL,
  `bulan` int(11) NOT NULL
) ENGINE=InnoDB DEFAULT CHARSET=utf8mb4;

--
-- Dumping data untuk tabel `tbl_bunga`
--

INSERT INTO `tbl_bunga` (`id_bunga`, `bunga`, `bulan`) VALUES
(1, 1, 1),
(2, 3, 3),
(3, 8, 6),
(4, 14, 12);

-- --------------------------------------------------------

--
-- Struktur dari tabel `tbl_pengembalian`
--

CREATE TABLE `tbl_pengembalian` (
  `id_pengembalian` int(11) NOT NULL,
  `id_konfirmasi_pinjam` int(11) NOT NULL,
  `jumlah_pengembalian` bigint(20) NOT NULL,
  `pengembalian_ke` int(11) NOT NULL,
  `tgl_pengembalian` datetime NOT NULL,
  `status_pengembalian` varchar(25) DEFAULT NULL
) ENGINE=InnoDB DEFAULT CHARSET=utf8mb4;

-- --------------------------------------------------------

--
-- Struktur dari tabel `tbl_pinjam`
--

CREATE TABLE `tbl_pinjam` (
  `id_pinjam` int(11) NOT NULL,
  `id_user` int(11) NOT NULL,
  `id_bunga` int(11) NOT NULL,
  `jumlah_pinjam` varchar(100) NOT NULL,
  `riba` int(11) NOT NULL,
  `tgl_pinjam` datetime DEFAULT NULL,
  `status_pinjam` varchar(25) NOT NULL DEFAULT 'pending'
) ENGINE=InnoDB DEFAULT CHARSET=utf8mb4;

--
-- Dumping data untuk tabel `tbl_pinjam`
--

INSERT INTO `tbl_pinjam` (`id_pinjam`, `id_user`, `id_bunga`, `jumlah_pinjam`, `riba`, `tgl_pinjam`, `status_pinjam`) VALUES
(1, 2, 3, '1800000', 800000, '2022-11-24 06:52:10', 'konfirmasi'),
(2, 2, 2, '1300000', 300000, '2022-11-24 06:52:07', 'konfirmasi');

-- --------------------------------------------------------

--
-- Struktur dari tabel `tbl_simpan`
--

CREATE TABLE `tbl_simpan` (
  `id_simpan` int(11) NOT NULL,
  `id_user` int(11) NOT NULL,
  `jumlah_simpan` int(11) NOT NULL,
  `tgl_simpan` timestamp NOT NULL DEFAULT current_timestamp() ON UPDATE current_timestamp(),
  `status_simpan` varchar(25) NOT NULL DEFAULT 'pending'
) ENGINE=InnoDB DEFAULT CHARSET=utf8mb4;

--
-- Dumping data untuk tabel `tbl_simpan`
--

INSERT INTO `tbl_simpan` (`id_simpan`, `id_user`, `jumlah_simpan`, `tgl_simpan`, `status_simpan`) VALUES
(1, 2, 1000000, '2022-11-23 23:50:45', 'pending'),
(2, 2, 1000000, '2022-11-23 23:50:53', 'pending'),
(3, 2, 1000000, '2022-11-23 23:50:59', 'pending'),
(4, 2, 1000000, '2022-11-23 23:51:06', 'pending'),
(5, 6, 1000000, '2022-11-24 08:13:23', 'pending'),
(6, 6, 1000000, '2022-11-24 08:13:30', 'pending'),
(7, 6, 1000000, '2022-11-24 08:13:40', 'pending'),
(8, 6, 1000000, '2022-11-24 08:13:46', 'pending'),
(9, 5, 1000000, '2022-11-24 08:14:21', 'pending'),
(10, 5, 1000000, '2022-11-24 08:14:28', 'pending'),
(11, 5, 1000000, '2022-11-24 08:14:34', 'pending'),
(12, 5, 1000000, '2022-11-24 08:14:40', 'pending');

-- --------------------------------------------------------

--
-- Struktur dari tabel `tbl_user`
--

CREATE TABLE `tbl_user` (
  `id_user` int(11) NOT NULL,
  `nama` varchar(100) NOT NULL,
  `email` varchar(100) NOT NULL,
  `password` varchar(100) NOT NULL,
  `tempat_lahir` varchar(100) NOT NULL,
  `tgl_lahir` date NOT NULL,
  `jk` varchar(100) NOT NULL,
  `agama` varchar(100) NOT NULL,
  `pekerjaan` varchar(100) NOT NULL,
  `telp` varchar(13) NOT NULL,
  `alamat` longtext NOT NULL,
  `level` varchar(11) NOT NULL,
  `created_at` timestamp NOT NULL DEFAULT current_timestamp() ON UPDATE current_timestamp()
) ENGINE=InnoDB DEFAULT CHARSET=utf8mb4;

--
-- Dumping data untuk tabel `tbl_user`
--

INSERT INTO `tbl_user` (`id_user`, `nama`, `email`, `password`, `tempat_lahir`, `tgl_lahir`, `jk`, `agama`, `pekerjaan`, `telp`, `alamat`, `level`, `created_at`) VALUES
(1, 'Aufa Ramadhan', 'aufa@gmail.com', '123', 'Bogor', '2004-11-08', 'Laki', 'Islam', 'CEO', '081398057408', 'GBJ', 'admin', '2022-11-03 03:22:36'),
(2, 'Aninda Fitri Litasni', 'aninda@gmail.com', '123', 'Bogor', '2005-08-09', 'Perempuan', 'Islam', 'CEO', '081398057408', 'Cicadas', 'user', '2022-11-15 13:09:29'),
(5, 'Adi Saputra', 'adi@gmail.com', '123', 'Bogor', '2022-11-24', 'Laki', 'Islam', 'CEO', '0898712343', 'GBJ', 'user', '2022-11-24 08:09:43'),
(6, 'Albert E', 'albert@gmail.com', '123', 'Bogor', '2022-11-24', 'Laki', 'Kristen', 'CEO', '09812341234', 'GBJ', 'user', '2022-11-24 08:13:01');

--
-- Indexes for dumped tables
--

--
-- Indeks untuk tabel `konfirmasi_pinjam`
--
ALTER TABLE `konfirmasi_pinjam`
  ADD PRIMARY KEY (`id_konfirmasi_pinjam`),
  ADD KEY `id_pinjam` (`id_pinjam`);

--
-- Indeks untuk tabel `tbl_bunga`
--
ALTER TABLE `tbl_bunga`
  ADD PRIMARY KEY (`id_bunga`);

--
-- Indeks untuk tabel `tbl_pengembalian`
--
ALTER TABLE `tbl_pengembalian`
  ADD PRIMARY KEY (`id_pengembalian`),
  ADD KEY `id_konfirmasi_peminjaman` (`id_konfirmasi_pinjam`);

--
-- Indeks untuk tabel `tbl_pinjam`
--
ALTER TABLE `tbl_pinjam`
  ADD PRIMARY KEY (`id_pinjam`),
  ADD KEY `id_user` (`id_user`),
  ADD KEY `id_bunga` (`id_bunga`);

--
-- Indeks untuk tabel `tbl_simpan`
--
ALTER TABLE `tbl_simpan`
  ADD PRIMARY KEY (`id_simpan`),
  ADD KEY `id_user` (`id_user`);

--
-- Indeks untuk tabel `tbl_user`
--
ALTER TABLE `tbl_user`
  ADD PRIMARY KEY (`id_user`);

--
-- AUTO_INCREMENT untuk tabel yang dibuang
--

--
-- AUTO_INCREMENT untuk tabel `konfirmasi_pinjam`
--
ALTER TABLE `konfirmasi_pinjam`
  MODIFY `id_konfirmasi_pinjam` int(11) NOT NULL AUTO_INCREMENT, AUTO_INCREMENT=2;

--
-- AUTO_INCREMENT untuk tabel `tbl_bunga`
--
ALTER TABLE `tbl_bunga`
  MODIFY `id_bunga` int(11) NOT NULL AUTO_INCREMENT, AUTO_INCREMENT=5;

--
-- AUTO_INCREMENT untuk tabel `tbl_pengembalian`
--
ALTER TABLE `tbl_pengembalian`
  MODIFY `id_pengembalian` int(11) NOT NULL AUTO_INCREMENT;

--
-- AUTO_INCREMENT untuk tabel `tbl_pinjam`
--
ALTER TABLE `tbl_pinjam`
  MODIFY `id_pinjam` int(11) NOT NULL AUTO_INCREMENT, AUTO_INCREMENT=3;

--
-- AUTO_INCREMENT untuk tabel `tbl_simpan`
--
ALTER TABLE `tbl_simpan`
  MODIFY `id_simpan` int(11) NOT NULL AUTO_INCREMENT, AUTO_INCREMENT=13;

--
-- AUTO_INCREMENT untuk tabel `tbl_user`
--
ALTER TABLE `tbl_user`
  MODIFY `id_user` int(11) NOT NULL AUTO_INCREMENT, AUTO_INCREMENT=7;
COMMIT;

/*!40101 SET CHARACTER_SET_CLIENT=@OLD_CHARACTER_SET_CLIENT */;
/*!40101 SET CHARACTER_SET_RESULTS=@OLD_CHARACTER_SET_RESULTS */;
/*!40101 SET COLLATION_CONNECTION=@OLD_COLLATION_CONNECTION */;
